<resources xmlns:tools="http://schemas.android.com/tools">
    <!-- Base application theme. -->
    <style name="Base.Theme.Ichoosecoffetoday" parent="Theme.Material3.DayNight.NoActionBar">
        <!-- Customize your light theme here. -->
        <!-- <item name="colorPrimary">@color/my_light_primary</item> -->
    </style>

    <style name="Theme.Ichoosecoffetoday" parent="Base.Theme.Ichoosecoffetoday" />
    
    <style name="textStyle" parent="Widget.AppCompat.TextView">
        <item name="android:textSize">16sp</item>
        <item name="android:textColor">@color/black</item>
    </style>
    
    <style name="textStyleBold" parent="Widget.AppCompat.TextView">
        <item name="android:textSize">18sp</item>
        <item name="android:textStyle">bold</item>
        <item name="android:textColor">@color/black</item>
    </style>

</resources>